--	------------------------------------ --
--			nIneTeen Patch				 --
--				by Naios    			 --
--	https://github.com/Naios/nineteen	 --		
--	------------------------------------ --

-- Twilight Informer - @NPC_START+11
INSERT INTO `creature_template` (`entry`, `difficulty_entry_1`, `difficulty_entry_2`, `difficulty_entry_3`, `KillCredit1`, `KillCredit2`, `modelid1`, `modelid2`, `modelid3`, `modelid4`, `name`, `subname`, `IconName`, `gossip_menu_id`, `minlevel`, `maxlevel`, `exp`, `faction_A`, `faction_H`, `npcflag`, `speed_walk`, `speed_run`, `scale`, `rank`, `mindmg`, `maxdmg`, `dmgschool`, `attackpower`, `dmg_multiplier`, `baseattacktime`, `rangeattacktime`, `unit_class`, `unit_flags`, `dynamicflags`, `family`, `trainer_type`, `trainer_spell`, `trainer_class`, `trainer_race`, `minrangedmg`, `maxrangedmg`, `rangedattackpower`, `type`, `type_flags`, `lootid`, `pickpocketloot`, `skinloot`, `resistance1`, `resistance2`, `resistance3`, `resistance4`, `resistance5`, `resistance6`, `spell1`, `spell2`, `spell3`, `spell4`, `spell5`, `spell6`, `spell7`, `spell8`, `PetSpellDataId`, `VehicleId`, `mingold`, `maxgold`, `AIName`, `MovementType`, `InhabitType`, `Health_mod`, `Mana_mod`, `Armor_mod`, `RacialLeader`, `questItem1`, `questItem2`, `questItem3`, `questItem4`, `questItem5`, `questItem6`, `movementId`, `RegenHealth`, `equipment_id`, `mechanic_immune_mask`, `flags_extra`, `ScriptName`, `WDBVerified`)
VALUES (@NPC_START+11, 0, 0, 0, 0, 0, 19338, 0, 0, 0, 'Escaped slave of the Twilight', 'nIneTeen','Speak', 60001, 19, 19, 0, 35, 35, 3, 1, 1.14286, 0.5, 1, 100000, 100000, 0, 100000, 1, 1500, 0, 2, 0, 0, 0, 0, 0, 0, 0, 1000, 2000, 20000, 7, 0, 0, 0, 0, 0, 0, 0, 0, 0, 0, 0, 0, 0, 0, 0, 0, 0, 0, 0, 0, 0, 0, '', 0, 3, 1, 5, 1, 0, 0, 0, 0, 0, 0, 0, 0, 1, 0, 0, 0, '', 1);
INSERT INTO `gossip_menu` VALUES (60001,20001);

INSERT INTO `npc_text`(`ID`,`text0_0`) VALUES
(20001,'Hey $N,$BYou are my Hero!$BIt is very nice of you that you defeat us of the Twilight!$BThis Door is closed$Bmaybe it will be opened further...');
 
-- So Tun - @BOSS_START+03
INSERT INTO `creature_template` (`entry`, `difficulty_entry_1`, `difficulty_entry_2`, `difficulty_entry_3`, `KillCredit1`, `KillCredit2`, `modelid1`, `modelid2`, `modelid3`, `modelid4`, `name`, `subname`, `IconName`, `gossip_menu_id`, `minlevel`, `maxlevel`, `exp`, `faction_A`, `faction_H`, `npcflag`, `speed_walk`, `speed_run`, `scale`, `rank`, `mindmg`, `maxdmg`, `dmgschool`, `attackpower`, `dmg_multiplier`, `baseattacktime`, `rangeattacktime`, `unit_class`, `unit_flags`, `dynamicflags`, `family`, `trainer_type`, `trainer_spell`, `trainer_class`, `trainer_race`, `minrangedmg`, `maxrangedmg`, `rangedattackpower`, `type`, `type_flags`, `lootid`, `pickpocketloot`, `skinloot`, `resistance1`, `resistance2`, `resistance3`, `resistance4`, `resistance5`, `resistance6`, `spell1`, `spell2`, `spell3`, `spell4`, `spell5`, `spell6`, `spell7`, `spell8`, `PetSpellDataId`, `VehicleId`, `mingold`, `maxgold`, `AIName`, `MovementType`, `InhabitType`, `Health_mod`, `Mana_mod`, `Armor_mod`, `RacialLeader`, `questItem1`, `questItem2`, `questItem3`, `questItem4`, `questItem5`, `questItem6`, `movementId`, `RegenHealth`, `equipment_id`, `mechanic_immune_mask`, `flags_extra`, `ScriptName`, `WDBVerified`)
VALUES (@BOSS_START+03, 0, 0, 0, 0, 0, 18047, 0, 0, 0, 'So Tun', 'Head Twilight Observer', '', 0, 22, 22, 0, 14, 14, 0, 0.7, 0.7, 1.5, 3, 53, 61, 0, 55, 2, 3000, 0, 2, 0, 0, 0, 0, 0, 0, 0, 0, 0, 1000, 4, 4, 0, 0, 0, 0, 0, 0, 0, 50, 0, 0, 0, 0, 0, 0, 0, 0, 0, 0, 0, 0, 0, 'SmartAI', 0, 3, 34.137, 50, 1000, 0, 0, 0, 0, 0, 0, 0, 0, 1, 5000, 0, 0, '', 1);

-- 	Equipment ID
INSERT INTO `creature_equip_template` (`entry`, `itemEntry1`, `itemEntry2`, `itemEntry3`)
VALUES (5000, 27767, 0, 0);

-- 	Boss Script
DELETE FROM smart_scripts WHERE entryorguid = @BOSS_START+03;

INSERT INTO `smart_scripts` (`entryorguid`, `source_type`, `id`, `link`, `event_type`, `event_phase_mask`, `event_chance`, `event_flags`, `event_param1`, `event_param2`, `event_param3`, `event_param4`, `action_type`, `action_param1`, `action_param2`, `action_param3`, `action_param4`, `action_param5`, `action_param6`, `target_type`, `target_param1`, `target_param2`, `target_param3`, `target_x`, `target_y`, `target_z`, `target_o`, `comment`)
VALUES (@BOSS_START+03, 0, 0, 0, 2, 0, 100, 0, 0, 33, 60000, 60000, 11, 15473, 2, 0, 0, 0, 0, 1, 0, 0, 0, 0, 0, 0, 0, 'So Tun -  Shadowform under 30% Life');
INSERT INTO `smart_scripts` (`entryorguid`, `source_type`, `id`, `link`, `event_type`, `event_phase_mask`, `event_chance`, `event_flags`, `event_param1`, `event_param2`, `event_param3`, `event_param4`, `action_type`, `action_param1`, `action_param2`, `action_param3`, `action_param4`, `action_param5`, `action_param6`, `target_type`, `target_param1`, `target_param2`, `target_param3`, `target_x`, `target_y`, `target_z`, `target_o`, `comment`)
VALUES (@BOSS_START+03, 0, 1, 0, 2, 0, 100, 0, 0, 33, 60000, 60000, 11, 41924, 2, 0, 0, 0, 0, 1, 0, 0, 0, 0, 0, 0, 0, 'So Tun -  Enrage under 30% Life');
INSERT INTO `smart_scripts` (`entryorguid`, `source_type`, `id`, `link`, `event_type`, `event_phase_mask`, `event_chance`, `event_flags`, `event_param1`, `event_param2`, `event_param3`, `event_param4`, `action_type`, `action_param1`, `action_param2`, `action_param3`, `action_param4`, `action_param5`, `action_param6`, `target_type`, `target_param1`, `target_param2`, `target_param3`, `target_x`, `target_y`, `target_z`, `target_o`, `comment`)
VALUES (@BOSS_START+03, 0, 2, 0, 0, 0, 100, 0, 6000, 6000, 6000, 6000, 11, 17393, 2, 0, 0, 0, 0, 2, 0, 0, 0, 0, 0, 0, 0, 'So Tun -  Casts Shadowbolt very 6s');
INSERT INTO `smart_scripts` (`entryorguid`, `source_type`, `id`, `link`, `event_type`, `event_phase_mask`, `event_chance`, `event_flags`, `event_param1`, `event_param2`, `event_param3`, `event_param4`, `action_type`, `action_param1`, `action_param2`, `action_param3`, `action_param4`, `action_param5`, `action_param6`, `target_type`, `target_param1`, `target_param2`, `target_param3`, `target_x`, `target_y`, `target_z`, `target_o`, `comment`)
VALUES (@BOSS_START+03, 0, 3, 0, 23, 0, 100, 0, 41924, 1, 30000, 30000, 1, 100, 0, 0, 0, 0, 0, 1, 0, 0, 0, 0, 0, 0, 0, 'So Tun -  Enrage Warning Trigger');
INSERT INTO `smart_scripts` (`entryorguid`, `source_type`, `id`, `link`, `event_type`, `event_phase_mask`, `event_chance`, `event_flags`, `event_param1`, `event_param2`, `event_param3`, `event_param4`, `action_type`, `action_param1`, `action_param2`, `action_param3`, `action_param4`, `action_param5`, `action_param6`, `target_type`, `target_param1`, `target_param2`, `target_param3`, `target_x`, `target_y`, `target_z`, `target_o`, `comment`)
VALUES (@BOSS_START+03, 0, 4, 0, 25, 3, 100, 0, 0, 0, 0, 0, 78, 0, 0, 0, 0, 0, 0, 0, 0, 0, 0, 0, 0, 0, 0, 'Reset Script');

-- 	Creature Text
REPLACE INTO `creature_text` (`entry`, `groupid`, `id`, `text`, `type`, `language`, `probability`, `emote`, `duration`, `sound`, `comment`)
VALUES (@BOSS_START+03, 100, 0, 'So Tun is Enrage!', 41, 0, 0, 0, 0, 0, 'So Tun enrage Warning');

-- Magamar - @BOSS_START+04
REPLACE INTO `creature_template` (`entry`, `difficulty_entry_1`, `difficulty_entry_2`, `difficulty_entry_3`, `KillCredit1`, `KillCredit2`, `modelid1`, `modelid2`, `modelid3`, `modelid4`, `name`, `subname`, `IconName`, `gossip_menu_id`, `minlevel`, `maxlevel`, `exp`, `faction_A`, `faction_H`, `npcflag`, `speed_walk`, `speed_run`, `scale`, `rank`, `mindmg`, `maxdmg`, `dmgschool`, `attackpower`, `dmg_multiplier`, `baseattacktime`, `rangeattacktime`, `unit_class`, `unit_flags`, `dynamicflags`, `family`, `trainer_type`, `trainer_spell`, `trainer_class`, `trainer_race`, `minrangedmg`, `maxrangedmg`, `rangedattackpower`, `type`, `type_flags`, `lootid`, `pickpocketloot`, `skinloot`, `resistance1`, `resistance2`, `resistance3`, `resistance4`, `resistance5`, `resistance6`, `spell1`, `spell2`, `spell3`, `spell4`, `spell5`, `spell6`, `spell7`, `spell8`, `PetSpellDataId`, `VehicleId`, `mingold`, `maxgold`, `AIName`, `MovementType`, `InhabitType`, `Health_mod`, `Mana_mod`, `Armor_mod`, `RacialLeader`, `questItem1`, `questItem2`, `questItem3`, `questItem4`, `questItem5`, `questItem6`, `movementId`, `RegenHealth`, `equipment_id`, `mechanic_immune_mask`, `flags_extra`, `ScriptName`, `WDBVerified`)
VALUES (@BOSS_START+04, 0, 0, 0, 0, 0, 19338, 0, 0, 0, 'Magamar', 'Right Hand of the Twilight Lord', '', 0, 22, 22, 0, 14, 14, 0, 3, 1.14286, 1.3, 3, 53, 61, 0, 55, 2, 3000, 0, 2, 0, 0, 0, 0, 0, 0, 0, 0, 0, 1000, 4, 4, 0, 0, 0, 0, 0, 0, 0, 50, 0, 0, 0, 0, 0, 0, 0, 0, 0, 0, 0, 0, 0, 'SmartAI', 0, 3, 34.137, 180, 1000, 0, 0, 0, 0, 0, 0, 0, 0, 1, 5000, 0, 0, '', 1);

/*
REPLACE INTO `creature_text` (`entry`, `groupid`, `id`, `text`, `type`, `language`, `probability`, `emote`, `duration`, `sound`, `comment`)
(@BOSS_START+04, 100, 0, 'Magamar casts Explosion', 41, 0, 0, 0, 0, 0, 'Magamar Explosion Warning');
*/

REPLACE INTO `smart_scripts` (`entryorguid`, `source_type`, `id`, `link`, `event_type`, `event_phase_mask`, `event_chance`, `event_flags`, `event_param1`, `event_param2`, `event_param3`, `event_param4`, `action_type`, `action_param1`, `action_param2`, `action_param3`, `action_param4`, `action_param5`, `action_param6`, `target_type`, `target_param1`, `target_param2`, `target_param3`, `target_x`, `target_y`, `target_z`, `target_o`, `comment`) VALUES (@BOSS_START+04, 0, 0, 0, 4, 0, 100, 0, 0, 0, 0, 0, 11, 47218, 2, 0, 0, 0, 0, 1, 0, 0, 0, 0, 0, 0, 0, 'Magamar - Cast Dispersion on himself on Aggro');
REPLACE INTO `smart_scripts` (`entryorguid`, `source_type`, `id`, `link`, `event_type`, `event_phase_mask`, `event_chance`, `event_flags`, `event_param1`, `event_param2`, `event_param3`, `event_param4`, `action_type`, `action_param1`, `action_param2`, `action_param3`, `action_param4`, `action_param5`, `action_param6`, `target_type`, `target_param1`, `target_param2`, `target_param3`, `target_x`, `target_y`, `target_z`, `target_o`, `comment`) VALUES (@BOSS_START+04, 0, 1, 0, 0, 1, 100, 0, 12000, 12000, 12000, 12000, 11, 48045, 0, 0, 0, 0, 0, 2, 0, 0, 0, 0, 0, 0, 0, 'Magamar - Cast Mainblast on Victim');
REPLACE INTO `smart_scripts` (`entryorguid`, `source_type`, `id`, `link`, `event_type`, `event_phase_mask`, `event_chance`, `event_flags`, `event_param1`, `event_param2`, `event_param3`, `event_param4`, `action_type`, `action_param1`, `action_param2`, `action_param3`, `action_param4`, `action_param5`, `action_param6`, `target_type`, `target_param1`, `target_param2`, `target_param3`, `target_x`, `target_y`, `target_z`, `target_o`, `comment`) VALUES (@BOSS_START+04, 0, 2, 0, 0, 1, 100, 0, 11000, 11000, 12000, 12000, 1, 100, 2000, 0, 0, 0, 0, 2, 0, 0, 0, 0, 0, 0, 0, 'Magamar - Mainblast Warning Trigger');
REPLACE INTO `smart_scripts` (`entryorguid`, `source_type`, `id`, `link`, `event_type`, `event_phase_mask`, `event_chance`, `event_flags`, `event_param1`, `event_param2`, `event_param3`, `event_param4`, `action_type`, `action_param1`, `action_param2`, `action_param3`, `action_param4`, `action_param5`, `action_param6`, `target_type`, `target_param1`, `target_param2`, `target_param3`, `target_x`, `target_y`, `target_z`, `target_o`, `comment`) VALUES (@BOSS_START+04, 0, 3, 0, 4, 0, 100, 0, 0, 0, 0, 0, 23, 1, 0, 0, 0, 0, 0, 2, 0, 0, 0, 0, 0, 0, 0, 'Magamar - Phase Trigger 0->1 (At Aggro)');
REPLACE INTO `smart_scripts` (`entryorguid`, `source_type`, `id`, `link`, `event_type`, `event_phase_mask`, `event_chance`, `event_flags`, `event_param1`, `event_param2`, `event_param3`, `event_param4`, `action_type`, `action_param1`, `action_param2`, `action_param3`, `action_param4`, `action_param5`, `action_param6`, `target_type`, `target_param1`, `target_param2`, `target_param3`, `target_x`, `target_y`, `target_z`, `target_o`, `comment`) VALUES (@BOSS_START+04, 0, 4, 0, 2, 1, 100, 0, 0, 50, 10000, 10000, 23, 1, 0, 0, 0, 0, 0, 0, 0, 0, 0, 0, 0, 0, 0, 'Magamar - Phase Trigger 1->2 (At low Mana)');
REPLACE INTO `smart_scripts` (`entryorguid`, `source_type`, `id`, `link`, `event_type`, `event_phase_mask`, `event_chance`, `event_flags`, `event_param1`, `event_param2`, `event_param3`, `event_param4`, `action_type`, `action_param1`, `action_param2`, `action_param3`, `action_param4`, `action_param5`, `action_param6`, `target_type`, `target_param1`, `target_param2`, `target_param3`, `target_x`, `target_y`, `target_z`, `target_o`, `comment`) VALUES (@BOSS_START+04, 0, 5, 0, 4, 1, 100, 0, 10000, 10000, 10000, 10000, 12, @TRASH_START+02, 5, 0, 1, 1, 0, 0, 0, 0, 0, 0, 0, 0, 0, 'Magamar - Spawn Guardians every 20s (in Phase 2)');
REPLACE INTO `smart_scripts` (`entryorguid`, `source_type`, `id`, `link`, `event_type`, `event_phase_mask`, `event_chance`, `event_flags`, `event_param1`, `event_param2`, `event_param3`, `event_param4`, `action_type`, `action_param1`, `action_param2`, `action_param3`, `action_param4`, `action_param5`, `action_param6`, `target_type`, `target_param1`, `target_param2`, `target_param3`, `target_x`, `target_y`, `target_z`, `target_o`, `comment`) VALUES (@BOSS_START+04, 0, 6, 0, 25, 3, 100, 0, 0, 0, 0, 0, 78, 0, 0, 0, 0, 0, 0, 0, 0, 0, 0, 0, 0, 0, 0, 'Reset Script');

-- Twilight Twins - @BOSS_START+05 & @BOSS_START+05
REPLACE INTO `creature_template` (`entry`, `difficulty_entry_1`, `difficulty_entry_2`, `difficulty_entry_3`, `KillCredit1`, `KillCredit2`, `modelid1`, `modelid2`, `modelid3`, `modelid4`, `name`, `subname`, `IconName`, `gossip_menu_id`, `minlevel`, `maxlevel`, `exp`, `faction_A`, `faction_H`, `npcflag`, `speed_walk`, `speed_run`, `scale`, `rank`, `mindmg`, `maxdmg`, `dmgschool`, `attackpower`, `dmg_multiplier`, `baseattacktime`, `rangeattacktime`, `unit_class`, `unit_flags`, `dynamicflags`, `family`, `trainer_type`, `trainer_spell`, `trainer_class`, `trainer_race`, `minrangedmg`, `maxrangedmg`, `rangedattackpower`, `type`, `type_flags`, `lootid`, `pickpocketloot`, `skinloot`, `resistance1`, `resistance2`, `resistance3`, `resistance4`, `resistance5`, `resistance6`, `spell1`, `spell2`, `spell3`, `spell4`, `spell5`, `spell6`, `spell7`, `spell8`, `PetSpellDataId`, `VehicleId`, `mingold`, `maxgold`, `AIName`, `MovementType`, `InhabitType`, `Health_mod`, `Mana_mod`, `Armor_mod`, `RacialLeader`, `questItem1`, `questItem2`, `questItem3`, `questItem4`, `questItem5`, `questItem6`, `movementId`, `RegenHealth`, `equipment_id`, `mechanic_immune_mask`, `flags_extra`, `ScriptName`, `WDBVerified`)
VALUES (@BOSS_START+05, 0, 0, 0, 0, 0, 27082, 0, 0, 0, 'Theonar', 'Twilight Twins', '', 0, 22, 22, 0, 14, 14, 0, 3, 1.14286, 0.8, 3, 53, 61, 0, 55, 2, 3000, 0, 2, 0, 0, 0, 0, 0, 0, 0, 0, 0, 1000, 4, 4, 0, 0, 0, 0, 0, 0, 0, 50, 0, 0, 0, 0, 0, 0, 0, 0, 0, 0, 0, 0, 0, 'SmartAI', 0, 3, 15.26, 115, 1000, 0, 0, 0, 0, 0, 0, 0, 0, 1, 5000, 0, 0, '', 1);
REPLACE INTO `creature_template` (`entry`, `difficulty_entry_1`, `difficulty_entry_2`, `difficulty_entry_3`, `KillCredit1`, `KillCredit2`, `modelid1`, `modelid2`, `modelid3`, `modelid4`, `name`, `subname`, `IconName`, `gossip_menu_id`, `minlevel`, `maxlevel`, `exp`, `faction_A`, `faction_H`, `npcflag`, `speed_walk`, `speed_run`, `scale`, `rank`, `mindmg`, `maxdmg`, `dmgschool`, `attackpower`, `dmg_multiplier`, `baseattacktime`, `rangeattacktime`, `unit_class`, `unit_flags`, `dynamicflags`, `family`, `trainer_type`, `trainer_spell`, `trainer_class`, `trainer_race`, `minrangedmg`, `maxrangedmg`, `rangedattackpower`, `type`, `type_flags`, `lootid`, `pickpocketloot`, `skinloot`, `resistance1`, `resistance2`, `resistance3`, `resistance4`, `resistance5`, `resistance6`, `spell1`, `spell2`, `spell3`, `spell4`, `spell5`, `spell6`, `spell7`, `spell8`, `PetSpellDataId`, `VehicleId`, `mingold`, `maxgold`, `AIName`, `MovementType`, `InhabitType`, `Health_mod`, `Mana_mod`, `Armor_mod`, `RacialLeader`, `questItem1`, `questItem2`, `questItem3`, `questItem4`, `questItem5`, `questItem6`, `movementId`, `RegenHealth`, `equipment_id`, `mechanic_immune_mask`, `flags_extra`, `ScriptName`, `WDBVerified`)
VALUES (@BOSS_START+06, 0, 0, 0, 0, 0, 27082, 0, 0, 0, 'Eonar', 'Twilight Twins', '', 0, 22, 22, 0, 14, 14, 0, 3, 1.14286, 0.8, 3, 53, 61, 0, 55, 2, 3000, 0, 2, 0, 0, 0, 0, 0, 0, 0, 0, 0, 1000, 4, 4, 0, 0, 0, 0, 0, 0, 0, 50, 0, 0, 0, 0, 0, 0, 0, 0, 0, 0, 0, 0, 0, 'SmartAI', 0, 3, 19.7, 115, 1000, 0, 0, 0, 0, 0, 0, 0, 0, 1, 5000, 0, 0, '', 1);

-- Boss Scripts
REPLACE INTO `smart_scripts` (`entryorguid`, `source_type`, `id`, `link`, `event_type`, `event_phase_mask`, `event_chance`, `event_flags`, `event_param1`, `event_param2`, `event_param3`, `event_param4`, `action_type`, `action_param1`, `action_param2`, `action_param3`, `action_param4`, `action_param5`, `action_param6`, `target_type`, `target_param1`, `target_param2`, `target_param3`, `target_x`, `target_y`, `target_z`, `target_o`, `comment`) VALUES (@BOSS_START+05, 0, 0, 0, 4, 0, 100, 0, 0, 50, 0, 0, 12, @BOSS_START+06, 2, 100, 0, 1, 0, 0, 0, 0, 0, 0, 0, 0, 0, 'Twilight Twins - Calls Eonar at 50% Life');
REPLACE INTO `smart_scripts` (`entryorguid`, `source_type`, `id`, `link`, `event_type`, `event_phase_mask`, `event_chance`, `event_flags`, `event_param1`, `event_param2`, `event_param3`, `event_param4`, `action_type`, `action_param1`, `action_param2`, `action_param3`, `action_param4`, `action_param5`, `action_param6`, `target_type`, `target_param1`, `target_param2`, `target_param3`, `target_x`, `target_y`, `target_z`, `target_o`, `comment`) VALUES (@BOSS_START+05, 0, 1, 0, 25, 3, 100, 0, 0, 0, 0, 0, 78, 0, 0, 0, 0, 0, 0, 0, 0, 0, 0, 0, 0, 0, 0, 'Theonar - Reset Script');
REPLACE INTO `smart_scripts` (`entryorguid`, `source_type`, `id`, `link`, `event_type`, `event_phase_mask`, `event_chance`, `event_flags`, `event_param1`, `event_param2`, `event_param3`, `event_param4`, `action_type`, `action_param1`, `action_param2`, `action_param3`, `action_param4`, `action_param5`, `action_param6`, `target_type`, `target_param1`, `target_param2`, `target_param3`, `target_x`, `target_y`, `target_z`, `target_o`, `comment`) VALUES (@BOSS_START+06, 0, 0, 0, 4, 0, 100, 0, 0, 0, 0, 0, 1, 100, 3000, 0, 0, 0, 0, 0, 0, 0, 0, 0, 0, 0, 0, 'Twilight Guardian - Eonar incoming Warning Trigger');
REPLACE INTO `smart_scripts` (`entryorguid`, `source_type`, `id`, `link`, `event_type`, `event_phase_mask`, `event_chance`, `event_flags`, `event_param1`, `event_param2`, `event_param3`, `event_param4`, `action_type`, `action_param1`, `action_param2`, `action_param3`, `action_param4`, `action_param5`, `action_param6`, `target_type`, `target_param1`, `target_param2`, `target_param3`, `target_x`, `target_y`, `target_z`, `target_o`, `comment`) VALUES (@BOSS_START+06, 0, 1, 0, 25, 3, 100, 0, 0, 0, 0, 0, 37, 0, 0, 0, 0, 0, 0, 0, 1, 0, 0, 0, 0, 0, 0, 'Eonar - Reset Script');

-- Creature Text
REPLACE INTO `creature_text` (`entry`, `groupid`, `id`, `text`, `type`, `language`, `probability`, `emote`, `duration`, `sound`, `comment`) VALUES (@BOSS_START+06, 100, 0, 'Theonar calls his sister for Help', 41, 0, 0, 0, 0, 0, 'Eonar incoming Warning');

/*
Script (Incomplete)
REPLACE INTO `smart_scripts` (`entryorguid`, `source_type`, `id`, `link`, `event_type`, `event_phase_mask`, `event_chance`, `event_flags`, `event_param1`, `event_param2`, `event_param3`, `event_param4`, `action_type`, `action_param1`, `action_param2`, `action_param3`, `action_param4`, `action_param5`, `action_param6`, `target_type`, `target_param1`, `target_param2`, `target_param3`, `target_x`, `target_y`, `target_z`, `target_o`, `comment`) VALUES (@BOSS_START+05, 0, 0, 0, 4, 0, 100, 0, 0, 50, 0, 0, 12, @BOSS_START+06, 2, 100, 0, 1, 0, 0, 0, 0, 0, 0, 0, 0, 0, 'Twilight Twins - Calls Eonar at 50% Life');
*/

-- Lyara <Head Twilight Lord> - @BOSS_START+04
INSERT INTO `creature_template` (`entry`, `difficulty_entry_1`, `difficulty_entry_2`, `difficulty_entry_3`, `KillCredit1`, `KillCredit2`, `modelid1`, `modelid2`, `modelid3`, `modelid4`, `name`, `subname`, `IconName`, `gossip_menu_id`, `minlevel`, `maxlevel`, `exp`, `faction_A`, `faction_H`, `npcflag`, `speed_walk`, `speed_run`, `scale`, `rank`, `mindmg`, `maxdmg`, `dmgschool`, `attackpower`, `dmg_multiplier`, `baseattacktime`, `rangeattacktime`, `unit_class`, `unit_flags`, `dynamicflags`, `family`, `trainer_type`, `trainer_spell`, `trainer_class`, `trainer_race`, `minrangedmg`, `maxrangedmg`, `rangedattackpower`, `type`, `type_flags`, `lootid`, `pickpocketloot`, `skinloot`, `resistance1`, `resistance2`, `resistance3`, `resistance4`, `resistance5`, `resistance6`, `spell1`, `spell2`, `spell3`, `spell4`, `spell5`, `spell6`, `spell7`, `spell8`, `PetSpellDataId`, `VehicleId`, `mingold`, `maxgold`, `AIName`, `MovementType`, `InhabitType`, `Health_mod`, `Mana_mod`, `Armor_mod`, `RacialLeader`, `questItem1`, `questItem2`, `questItem3`, `questItem4`, `questItem5`, `questItem6`, `movementId`, `RegenHealth`, `equipment_id`, `mechanic_immune_mask`, `flags_extra`, `ScriptName`, `WDBVerified`)
VALUES (@BOSS_START+07, 0, 0, 0, 0, 0, 31952, 0, 0, 0, 'Lyara', 'Head Twilight Lord', '', 0, 22, 22, 0, 14, 14, 0, 3, 1.14286, 0.6, 3, 53, 61, 0, 55, 2, 3000, 0, 2, 0, 0, 0, 0, 0, 0, 0, 0, 0, 1000, 4, 4, 0, 0, 0, 0, 0, 0, 0, 50, 0, 0, 0, 0, 0, 0, 0, 0, 0, 0, 0, 0, 0, 'SmartAI', 0, 3, 43.7, 255, 1000, 0, 0, 0, 0, 0, 0, 0, 0, 1, 5000, 0, 0, '', 1);

-- Trash

-- Twilight Welp
REPLACE INTO `creature_template` (`entry`, `difficulty_entry_1`, `difficulty_entry_2`, `difficulty_entry_3`, `KillCredit1`, `KillCredit2`, `modelid1`, `modelid2`, `modelid3`, `modelid4`, `name`, `subname`, `IconName`, `gossip_menu_id`, `minlevel`, `maxlevel`, `exp`, `faction_A`, `faction_H`, `npcflag`, `speed_walk`, `speed_run`, `scale`, `rank`, `mindmg`, `maxdmg`, `dmgschool`, `attackpower`, `dmg_multiplier`, `baseattacktime`, `rangeattacktime`, `unit_class`, `unit_flags`, `dynamicflags`, `family`, `trainer_type`, `trainer_spell`, `trainer_class`, `trainer_race`, `minrangedmg`, `maxrangedmg`, `rangedattackpower`, `type`, `type_flags`, `lootid`, `pickpocketloot`, `skinloot`, `resistance1`, `resistance2`, `resistance3`, `resistance4`, `resistance5`, `resistance6`, `spell1`, `spell2`, `spell3`, `spell4`, `spell5`, `spell6`, `spell7`, `spell8`, `PetSpellDataId`, `VehicleId`, `mingold`, `maxgold`, `AIName`, `MovementType`, `InhabitType`, `Health_mod`, `Mana_mod`, `Armor_mod`, `RacialLeader`, `questItem1`, `questItem2`, `questItem3`, `questItem4`, `questItem5`, `questItem6`, `movementId`, `RegenHealth`, `equipment_id`, `mechanic_immune_mask`, `flags_extra`, `ScriptName`, `WDBVerified`)
VALUES (@TRASH_START+00, 0, 0, 0, 0, 0, 19295, 0, 0, 0, 'Twilight Assistant', '', '', 0, 20, 20, 0, 14, 14, 0, 3, 1.14286, 0.8, 3, 230, 475, 0, 480, 1, 1250, 0, 0, 0, 0, 0, 0, 0, 0, 0, 0, 0, 300, 3, 0, 0, 0, 0, 0, 0, 0, 0, 0, 0, 0, 0, 0, 0, 0, 0, 0, 0, 0, 0, 0, 0, '', 0, 3, 1.8, 1, 1000, 0, 0, 0, 0, 0, 0, 0, 0, 1, 0, 0, 0, '', 1);

-- Twilight Observer
REPLACE INTO `creature_template` (`entry`, `difficulty_entry_1`, `difficulty_entry_2`, `difficulty_entry_3`, `KillCredit1`, `KillCredit2`, `modelid1`, `modelid2`, `modelid3`, `modelid4`, `name`, `subname`, `IconName`, `gossip_menu_id`, `minlevel`, `maxlevel`, `exp`, `faction_A`, `faction_H`, `npcflag`, `speed_walk`, `speed_run`, `scale`, `rank`, `mindmg`, `maxdmg`, `dmgschool`, `attackpower`, `dmg_multiplier`, `baseattacktime`, `rangeattacktime`, `unit_class`, `unit_flags`, `dynamicflags`, `family`, `trainer_type`, `trainer_spell`, `trainer_class`, `trainer_race`, `minrangedmg`, `maxrangedmg`, `rangedattackpower`, `type`, `type_flags`, `lootid`, `pickpocketloot`, `skinloot`, `resistance1`, `resistance2`, `resistance3`, `resistance4`, `resistance5`, `resistance6`, `spell1`, `spell2`, `spell3`, `spell4`, `spell5`, `spell6`, `spell7`, `spell8`, `PetSpellDataId`, `VehicleId`, `mingold`, `maxgold`, `AIName`, `MovementType`, `InhabitType`, `Health_mod`, `Mana_mod`, `Armor_mod`, `RacialLeader`, `questItem1`, `questItem2`, `questItem3`, `questItem4`, `questItem5`, `questItem6`, `movementId`, `RegenHealth`, `equipment_id`, `mechanic_immune_mask`, `flags_extra`, `ScriptName`, `WDBVerified`)
VALUES (@TRASH_START+01, 0, 0, 0, 0, 0, 27386, 0, 0, 0, 'Twilight Observer', '', '', 0, 20, 20, 0, 14, 14, 0, 3, 1.14286, 1, 3, 230, 475, 0, 480, 1, 1250, 0, 0, 0, 0, 0, 0, 0, 0, 0, 0, 0, 300, 3, 0, 0, 0, 0, 0, 0, 0, 0, 0, 0, 0, 0, 0, 0, 0, 0, 0, 0, 0, 0, 0, 0, '', 0, 3, 4.2, 1, 1000, 0, 0, 0, 0, 0, 0, 0, 0, 1, 1781, 0, 0, '', 1);

-- Magamars Guardian
REPLACE INTO `creature_template` (`entry`, `difficulty_entry_1`, `difficulty_entry_2`, `difficulty_entry_3`, `KillCredit1`, `KillCredit2`, `modelid1`, `modelid2`, `modelid3`, `modelid4`, `name`, `subname`, `IconName`, `gossip_menu_id`, `minlevel`, `maxlevel`, `exp`, `faction_A`, `faction_H`, `npcflag`, `speed_walk`, `speed_run`, `scale`, `rank`, `mindmg`, `maxdmg`, `dmgschool`, `attackpower`, `dmg_multiplier`, `baseattacktime`, `rangeattacktime`, `unit_class`, `unit_flags`, `dynamicflags`, `family`, `trainer_type`, `trainer_spell`, `trainer_class`, `trainer_race`, `minrangedmg`, `maxrangedmg`, `rangedattackpower`, `type`, `type_flags`, `lootid`, `pickpocketloot`, `skinloot`, `resistance1`, `resistance2`, `resistance3`, `resistance4`, `resistance5`, `resistance6`, `spell1`, `spell2`, `spell3`, `spell4`, `spell5`, `spell6`, `spell7`, `spell8`, `PetSpellDataId`, `VehicleId`, `mingold`, `maxgold`, `AIName`, `MovementType`, `InhabitType`, `Health_mod`, `Mana_mod`, `Armor_mod`, `RacialLeader`, `questItem1`, `questItem2`, `questItem3`, `questItem4`, `questItem5`, `questItem6`, `movementId`, `RegenHealth`, `equipment_id`, `mechanic_immune_mask`, `flags_extra`, `ScriptName`, `WDBVerified`) VALUES (@TRASH_START+02, 0, 0, 0, 0, 0, 16634, 0, 0, 0, 'Twilight Guardian', '', '', 0, 22, 22, 0, 14, 14, 0, 3, 1.14286, 1.2, 3, 41, 46, 0, 120, 1, 2000, 0, 1, 0, 0, 0, 0, 0, 0, 0, 0, 0, 300, 3, 0, 0, 0, 0, 0, 0, 0, 0, 0, 0, 0, 0, 0, 0, 0, 0, 0, 0, 0, 0, 0, 0, 'SmartAI', 0, 3, 3.5, 1, 1000, 0, 0, 0, 0, 0, 0, 0, 0, 1, 0, 0, 0, '', 1);

REPLACE INTO `smart_scripts` (`entryorguid`, `source_type`, `id`, `link`, `event_type`, `event_phase_mask`, `event_chance`, `event_flags`, `event_param1`, `event_param2`, `event_param3`, `event_param4`, `action_type`, `action_param1`, `action_param2`, `action_param3`, `action_param4`, `action_param5`, `action_param6`, `target_type`, `target_param1`, `target_param2`, `target_param3`, `target_x`, `target_y`, `target_z`, `target_o`, `comment`) VALUES (@TRASH_START+02, 0, 0, 0, 4, 0, 100, 0, 0, 0, 0, 0, 11, 47218, 2, 0, 0, 0, 0, 1, 0, 0, 0, 0, 0, 0, 0, 'Twilight Guardian - Cast Dispersion on himself on Aggro');
REPLACE INTO `smart_scripts` (`entryorguid`, `source_type`, `id`, `link`, `event_type`, `event_phase_mask`, `event_chance`, `event_flags`, `event_param1`, `event_param2`, `event_param3`, `event_param4`, `action_type`, `action_param1`, `action_param2`, `action_param3`, `action_param4`, `action_param5`, `action_param6`, `target_type`, `target_param1`, `target_param2`, `target_param3`, `target_x`, `target_y`, `target_z`, `target_o`, `comment`) VALUES (@TRASH_START+02, 0, 1, 0, 4, 0, 100, 0, 0, 0, 0, 0, 1, 100, 3000, 0, 0, 0, 0, 0, 0, 0, 0, 0, 0, 0, 0, 'Twilight Guardian - Spawn Warning');

REPLACE INTO `creature_text` (`entry`, `groupid`, `id`, `text`, `type`, `language`, `probability`, `emote`, `duration`, `sound`, `comment`)
VALUES (@TRASH_START+02, 100, 0, 'Magamar spawns a Guardian of Twilight', 41, 0, 0, 0, 0, 0, 'Twilight Guardian spawn Warning');
